{
  "f1": 0.9469718482628471,
  "precision": 0.9067541070138597,
  "recall": 0.9909235177647483,
  "roc_auc": 0.9146552631078061
}